p16540,p16580,MDM2,GALECTÄ°N-3,TIM1,CD27,CD40,PD1/pdcd1PDL1/cd274,PDL1,CD28,mdm2,GAL3,cd27snp,pd1duz,pdl1poly
10,10,5,2,10,5,10,9,0,5,12,9,1,9,2
10,10,7,10,14,0,10,10,2,5,12,8,1,9,2
11,10,8,0,10,0,10,9,2,5,12,8,1,9,2
10,10,8,2,14,0,9,9,2,9,12,9,1,9,2
10,10,8,4,10,1,9,9,2,5,12,9,1,9,2
10,9,7,10,14,1,9,10,0,5,12,8,1,9,2
11,10,7,0,15,1,10,10,2,6,11,8,1,9,2
11,10,5,5,14,5,10,10,2,10,13,9,1,9,2
10,9,7,10,14,1,5,9,0,7,11,8,1,9,2
11,10,5,10,14,1,9,9,0,5,11,8,1,9,2
11,10,7,2,14,0,10,9,10,5,12,8,1,9,2
11,10,5,4,10,0,5,10,0,5,12,9,1,9,2
10,10,7,2,14,0,9,10,2,5,12,9,1,9,2
11,10,8,2,10,0,5,5,2,5,12,9,1,9,2
10,10,7,10,14,1,10,10,0,9,11,8,1,9,2
11,10,7,10,10,0,10,10,2,9,12,8,1,9,2
10,9,7,5,10,0,9,10,10,5,12,9,1,9,2
11,10,5,2,14,0,9,5,2,9,12,8,1,9,2
11,10,8,2,10,1,9,10,0,5,12,8,1,9,2
11,10,5,10,14,1,9,10,0,9,11,8,1,9,2
11,10,7,10,14,0,5,9,0,5,11,8,1,9,2
11,10,8,4,10,0,9,9,2,7,12,9,1,9,2
11,10,5,6,10,0,9,9,0,9,12,9,1,9,2
11,10,7,10,13,1,9,9,1,7,11,8,1,9,2
11,10,8,2,10,0,10,10,2,5,12,9,1,9,2
11,10,8,4,13,1,9,9,0,5,12,9,1,9,2
10,10,8,2,10,1,9,9,2,5,12,9,1,9,2
11,9,7,10,14,0,9,10,2,9,11,8,1,9,2
11,10,5,10,14,1,9,5,0,7,11,8,1,9,2
11,10,7,10,14,0,5,9,0,9,11,8,1,9,2
11,10,5,2,14,5,5,10,10,5,12,9,1,9,2
11,10,7,10,10,0,5,5,2,9,12,8,1,9,2
11,9,7,10,14,1,9,10,0,9,11,8,1,9,2
10,10,5,5,10,0,5,10,10,9,12,9,1,9,2
11,9,7,10,15,1,9,10,0,7,11,8,1,9,2
11,10,7,2,14,0,5,9,0,9,12,9,1,9,2
10,10,8,5,14,1,9,9,0,9,12,9,1,9,2
11,10,7,2,14,0,9,9,2,6,12,8,1,9,2
11,10,5,2,14,1,9,10,10,5,12,8,1,9,2
10,10,7,6,13,0,10,9,10,5,12,8,1,9,2
11,9,7,10,10,1,10,9,0,10,12,8,1,9,2
11,10,5,2,15,0,10,10,2,6,12,8,1,9,2
11,10,5,5,13,0,9,9,10,5,12,8,1,9,2
15,10,5,10,14,0,10,5,2,9,12,8,1,9,2
11,10,7,2,14,1,9,10,10,5,12,8,1,9,2
11,10,8,5,10,0,9,9,2,9,13,9,1,9,2
10,10,7,5,15,0,10,9,10,9,12,9,1,9,2
11,10,8,5,10,1,5,5,2,9,13,9,1,9,2
10,9,7,2,15,1,9,10,2,5,12,9,1,9,2
11,10,5,2,14,0,10,10,0,5,12,8,1,9,2
11,10,7,10,10,0,10,9,2,9,12,9,1,9,2
11,10,8,2,10,0,10,10,0,6,12,8,1,9,2
10,10,8,2,10,1,10,10,0,5,12,9,1,9,2
11,10,7,10,14,0,5,10,2,9,12,8,1,9,2
11,10,7,2,14,1,10,10,0,9,12,9,1,9,2
11,10,8,0,10,0,10,5,2,6,12,8,1,9,2
11,10,7,2,10,1,10,9,10,5,12,9,1,9,2
11,10,5,0,15,0,9,9,0,5,11,8,1,9,2
11,10,7,10,14,0,8,5,1,5,12,8,1,9,2
11,10,7,2,10,1,9,9,10,9,12,9,1,9,2
11,10,7,10,15,1,9,9,2,9,12,8,1,9,2
10,10,5,5,14,1,10,10,0,5,12,9,1,9,2
11,10,7,10,10,1,9,10,10,9,12,8,1,9,2
11,10,5,10,14,1,9,9,10,5,12,8,1,9,2
11,10,8,4,14,1,9,9,2,5,12,9,1,9,2
11,10,8,2,10,0,9,10,0,10,12,8,1,9,2
11,9,8,4,13,0,10,10,0,5,12,8,1,9,2
11,10,8,5,14,0,5,5,0,5,12,9,1,9,2
11,10,7,0,14,1,5,10,0,5,11,8,1,9,2
11,10,8,2,10,0,9,9,2,9,12,9,1,9,2
10,10,7,10,14,0,10,9,2,10,12,9,1,9,2
11,5,7,10,14,0,10,10,0,9,11,8,1,9,2
10,5,8,2,10,0,9,10,2,5,12,8,1,9,2
10,10,7,2,14,1,10,9,0,10,12,9,1,9,2
10,10,7,10,14,0,9,9,0,5,12,8,1,9,2
10,10,7,10,10,0,10,10,2,10,12,9,1,9,2
10,9,15,2,10,5,9,9,2,6,12,9,1,9,2
15,10,7,10,10,5,10,10,2,5,12,8,1,9,2
11,10,15,0,15,0,10,10,2,10,12,8,1,9,2
10,10,7,2,14,0,5,9,0,5,12,9,1,9,2
10,10,8,2,10,1,9,9,0,5,12,9,1,9,2
11,10,5,10,10,1,10,9,2,10,12,8,1,9,2
10,10,8,2,10,1,9,5,2,5,12,9,1,9,2
10,10,8,10,15,0,10,5,10,5,12,8,1,9,2
11,10,8,10,10,0,9,9,2,7,12,9,1,9,2
10,10,8,10,14,5,10,10,10,9,12,9,1,9,2
11,9,5,10,15,0,9,10,0,7,11,8,1,9,2
10,10,8,2,15,1,10,5,2,9,12,9,1,9,2
11,10,7,2,15,5,10,10,0,10,12,9,1,9,2
10,10,7,10,15,5,9,9,2,5,12,8,1,9,2
10,10,8,2,14,1,9,9,2,6,12,9,1,9,2
11,10,5,2,10,0,10,9,10,10,12,9,1,9,2
11,10,5,10,14,5,5,9,0,10,11,8,1,9,2
10,5,7,2,14,0,10,9,0,5,12,8,1,9,2
15,10,5,2,10,0,10,9,2,5,12,8,1,9,2
11,10,7,10,15,0,9,9,2,7,12,8,1,9,2
11,10,5,2,15,1,9,9,2,5,12,9,1,9,2
11,10,7,10,10,1,10,9,0,5,12,8,1,9,2
11,10,7,10,14,0,10,9,2,5,12,8,1,9,2
11,10,7,10,14,1,9,9,0,7,11,8,1,9,2
10,10,15,0,15,0,9,9,0,5,11,8,1,9,2
10,10,15,2,13,1,9,9,0,9,12,9,1,9,2
15,10,7,0,14,0,10,10,0,10,12,9,1,9,2
10,10,15,0,14,0,10,9,2,5,11,8,1,9,2
11,10,8,10,10,1,5,9,10,7,12,9,1,9,2
11,10,7,2,14,0,10,9,10,10,12,9,1,9,2
11,10,7,2,14,0,9,9,2,6,12,8,1,9,2
11,10,8,2,10,0,9,5,0,5,12,9,1,9,2
11,10,15,2,14,1,9,9,2,5,12,9,1,9,2
11,10,7,10,15,1,9,10,2,5,12,8,1,9,2
10,10,5,10,14,0,9,10,2,5,12,8,1,9,2
10,10,15,10,14,0,10,9,10,5,12,8,1,9,2
10,10,8,0,10,0,9,10,2,5,12,8,1,9,2
10,10,7,2,14,0,9,9,2,5,12,8,1,9,2
10,10,7,0,14,1,10,9,2,5,11,8,1,9,2
10,10,15,10,14,1,9,5,2,5,12,8,1,9,2
10,10,5,10,14,5,10,9,2,5,12,8,1,9,2
10,5,8,10,10,0,10,9,2,7,12,8,1,9,2
11,10,5,2,15,5,9,9,0,9,12,8,1,9,2
11,9,7,0,15,1,9,10,2,5,11,8,1,9,2
10,10,7,10,10,5,10,10,2,5,12,9,1,9,2
10,9,5,10,14,0,5,9,2,5,12,8,1,9,2
10,10,15,2,14,1,10,9,2,5,12,8,1,9,2
10,5,7,10,14,0,10,10,0,9,11,8,1,9,2
11,10,8,0,10,0,10,10,2,5,11,8,1,9,2
11,10,7,2,14,1,10,9,2,5,12,8,1,9,2
11,10,7,2,14,1,9,5,2,5,12,8,1,9,2
10,5,7,2,15,0,10,9,0,5,12,8,1,9,2
10,10,7,5,14,5,5,5,2,9,13,9,1,9,2
10,10,8,10,14,0,9,10,10,5,12,8,1,9,2
10,10,15,10,14,0,10,5,2,5,12,8,1,9,2
11,10,7,2,14,1,9,9,10,6,12,8,1,9,2
10,10,8,0,10,0,9,10,2,5,12,8,1,9,2
11,10,7,2,15,0,9,9,0,6,12,8,1,9,2
11,10,7,0,15,1,5,9,2,6,12,8,1,9,2
11,10,7,10,10,0,9,9,2,10,12,8,1,9,2
11,10,5,0,14,5,9,10,2,5,11,8,1,9,2
11,9,8,2,10,1,10,10,0,5,12,8,1,9,2
10,10,15,10,10,0,9,9,2,7,12,9,1,9,2
10,10,8,2,10,1,9,9,2,5,12,9,1,9,2
14,10,8,5,14,1,10,9,3,5,15,0,0,9,0
14,10,8,5,10,1,9,9,2,5,13,8,0,5,0
14,10,8,5,10,1,10,9,2,5,5,8,0,9,2
10,9,8,5,14,1,5,9,2,5,5,10,0,9,2
14,10,8,5,14,1,5,9,2,10,5,10,5,9,0
10,10,8,5,14,1,9,9,2,10,13,10,0,9,0
10,10,8,5,14,1,10,9,2,5,5,10,5,9,2
10,10,8,5,14,1,10,9,2,10,13,8,1,9,0
14,10,8,5,14,1,10,9,2,10,13,10,1,10,0
14,10,8,5,14,1,10,9,2,5,13,8,1,9,2
14,10,8,5,10,1,9,9,2,10,13,10,0,9,2
10,10,8,5,14,1,10,9,2,10,15,8,1,5,2
10,10,8,5,14,1,9,9,2,10,13,8,0,10,0
10,10,8,5,14,1,9,9,2,5,13,10,0,9,0
10,10,8,5,14,1,5,9,2,5,13,8,5,5,2
10,10,8,5,14,1,10,9,2,5,15,0,0,9,2
14,10,8,5,15,1,9,9,2,5,5,8,1,9,2
10,10,8,5,14,1,9,9,2,10,13,10,0,9,2
14,10,8,5,15,1,9,9,2,9,13,8,0,9,0
14,10,8,5,14,1,10,9,2,5,13,10,0,9,2
10,10,8,5,14,1,10,9,3,5,15,10,0,8,10
10,10,8,5,14,1,9,9,2,5,13,10,0,10,10
14,9,8,5,10,1,10,9,2,5,13,8,1,10,0
14,10,8,5,14,1,10,9,2,10,13,8,0,9,10
10,10,8,5,14,1,9,9,2,5,5,8,5,10,2
14,10,8,5,15,1,10,9,2,10,13,8,5,10,0
14,10,8,5,14,1,5,9,2,5,5,8,5,10,2
10,10,8,5,14,1,9,9,3,5,15,10,1,5,2
14,10,8,5,15,1,9,9,2,9,5,8,5,9,0
10,10,8,5,14,1,10,9,2,5,15,8,1,9,2
10,10,8,5,10,1,9,9,2,5,13,0,0,10,2
14,10,8,5,15,1,10,9,2,10,15,0,0,10,2
14,10,8,5,10,1,10,9,2,10,5,8,0,9,10
14,9,8,5,15,1,9,9,2,5,13,0,1,10,2
10,10,8,5,14,1,10,9,2,10,13,10,0,9,2
10,10,8,5,10,1,9,9,2,5,13,8,1,5,2
10,9,8,5,14,1,9,9,2,5,5,10,0,9,2
10,10,8,5,14,1,10,9,2,7,13,8,1,9,0
10,10,8,5,10,1,9,9,2,10,13,8,1,9,0
10,10,8,5,15,1,9,9,2,5,15,0,0,9,0
10,10,8,4,14,1,9,9,2,5,13,8,0,9,2
10,9,8,5,10,1,9,9,2,9,15,8,5,9,2
14,10,8,5,10,1,10,9,2,10,5,10,1,9,2
10,10,8,4,14,1,9,9,2,5,5,10,0,9,2
14,9,8,5,15,1,9,9,2,9,5,10,0,10,0
10,10,8,5,14,1,10,9,3,5,15,10,0,5,2
14,10,8,5,14,1,10,9,2,5,13,8,1,9,2
15,10,8,5,10,1,10,9,2,5,5,8,0,9,2
14,10,8,5,10,1,9,9,2,5,13,10,0,9,2
10,10,8,5,15,1,9,9,2,7,13,10,1,9,2
14,10,8,5,14,1,9,9,3,6,15,10,0,9,0
10,9,8,5,15,1,9,9,2,7,13,10,1,9,10
10,10,8,4,14,1,9,9,2,6,5,10,0,9,2
10,10,8,5,10,1,9,9,2,6,13,10,1,9,2
15,10,8,5,14,1,9,9,2,6,13,10,1,9,2
10,9,8,5,14,1,9,9,2,7,13,8,0,9,2
10,5,8,5,14,1,9,9,2,6,5,8,1,9,2
10,10,8,5,10,1,9,9,2,6,13,8,1,9,2
10,10,8,5,15,1,5,9,2,9,13,8,1,9,10
10,9,8,4,14,1,9,9,2,5,13,8,1,9,0
10,10,8,5,10,1,9,9,2,6,13,10,1,9,2
10,10,8,5,14,1,9,9,2,7,13,0,0,10,2
14,10,8,5,14,1,5,9,2,5,13,10,1,10,0
10,10,8,5,10,1,9,9,2,5,13,8,1,9,2
14,10,8,5,10,1,8,9,2,9,5,10,1,9,2
10,10,8,5,14,1,9,9,2,5,13,10,1,9,2
10,9,8,5,14,1,10,9,2,6,5,10,0,5,2
10,10,8,5,14,1,9,9,2,6,5,10,1,9,2
14,10,8,5,14,1,9,9,2,6,13,10,5,9,2
14,10,8,5,14,1,9,9,2,6,13,8,1,9,2
10,10,8,5,15,1,9,9,2,7,13,8,0,9,2
14,10,8,5,10,1,9,9,2,6,5,8,0,9,2
10,10,8,5,15,1,9,9,2,7,13,8,1,9,2
14,9,8,5,14,1,9,9,2,6,13,8,1,9,2
14,10,8,5,15,1,9,9,3,6,15,10,1,9,2
10,9,8,5,15,1,10,9,3,7,15,10,0,5,2
10,10,8,5,10,1,9,9,2,6,13,10,1,9,2
10,9,8,5,14,1,5,9,2,7,15,8,0,10,0
15,10,8,5,10,1,9,9,2,6,13,8,0,9,2
14,10,8,5,10,1,9,9,2,6,5,0,1,9,2
10,9,8,5,10,1,9,9,2,7,15,10,1,9,2
14,9,8,5,14,1,9,9,2,6,13,10,1,9,2
14,10,8,5,10,1,9,9,2,6,13,8,1,9,2
10,10,8,5,14,1,9,9,2,6,13,0,1,9,2
14,5,8,5,10,1,5,9,2,5,13,10,0,9,2
10,10,8,5,10,1,9,9,2,5,5,8,0,9,2
14,10,8,5,14,1,9,9,2,5,13,8,1,9,0
14,9,8,5,15,1,9,9,2,5,13,8,1,9,2
10,10,8,5,14,1,9,9,2,5,13,10,1,9,2
10,10,8,5,10,1,9,9,2,9,13,10,0,10,2
10,9,8,5,10,1,9,9,2,10,13,8,1,9,2
10,10,8,5,14,1,9,9,2,10,15,10,1,9,2
10,10,8,5,14,1,9,9,2,9,15,8,0,10,2
10,10,8,5,10,1,9,9,2,7,15,10,1,9,2
10,10,8,5,15,1,5,9,2,9,5,10,1,9,2
10,9,8,4,14,1,9,9,2,5,13,8,1,9,2
10,10,8,5,14,1,9,9,2,5,13,10,1,10,2
10,10,8,5,10,1,9,9,2,9,13,8,0,9,2
10,10,8,5,14,1,9,9,2,9,13,10,1,10,0
10,5,8,5,10,1,9,9,2,5,15,8,1,9,2
14,10,8,5,14,1,9,9,2,9,5,10,1,10,2
14,10,8,5,14,1,9,9,2,5,13,10,1,9,10
10,10,8,5,15,1,5,9,2,5,15,10,1,9,2
14,10,8,5,10,1,9,9,2,5,13,10,1,9,2
14,10,8,5,14,1,5,9,2,5,13,10,1,10,0
10,10,8,5,15,1,9,9,2,7,13,8,1,9,2
10,10,8,5,10,1,9,9,2,6,13,10,1,9,2
10,10,8,5,10,1,9,9,2,6,13,8,1,9,2
10,10,8,5,14,1,5,9,2,6,13,10,5,5,0
14,10,8,5,15,1,9,9,2,5,5,10,1,9,0
10,10,8,5,15,1,9,9,2,6,5,10,1,10,2
10,10,8,5,14,1,9,9,2,9,13,10,1,9,2
14,9,8,5,15,1,9,9,3,6,15,10,1,10,2
14,9,8,5,14,1,9,9,2,5,5,10,1,9,2
