IDO-1_CC,IDO-1_GC,IDO-1_GG,p16540_CC,p16540_CG,p16540_GG,p16580_CC,p16580_CT,p16580_TT,FOXP3_AA,FOXP3_CA,FOXP3_CC,ICAM-1_AA,ICAM-1_AG,ICAM-1_GG,GALECTİN-3_AA,GALECTİN-3_AC,GALECTİN-3_CC,CD28_CC,CD28_CT,CD28_TT,GALECTİN-3.1_AA,GALECTİN-3.1_CA,GALECTİN-3.1_CC,CD27_AA,CD27_AT,CD27_TT,PD1/pdcd1PDL1/cd274_CC,PD1/pdcd1PDL1/cd274_CT,PD1/pdcd1PDL1/cd274_TT,PDL1_AA,PDL1_AC,PDL1_CC,CD40_CC,CD40_CT,CD40_TT,TIM1_CC,TIM1_GC,TIM1_GG,CTLA-4_AA,CTLA-4_AG,CTLA-4_GG,MDM2_GG,MDM2_TG,MDM2_TT
1.0,0.0,0.0,1.0,0.0,0.0,1.0,0.0,0.0,0.0,0.0,1.0,0.0,1.0,0.0,0.0,1.0,0.0,0.0,0.0,1.0,0.0,1.0,0.0,0.0,0.0,1.0,0.0,1.0,0.0,1.0,0.0,0.0,1.0,0.0,0.0,1.0,0.0,0.0,1.0,0.0,0.0,0.0,0.0,1.0
1.0,0.0,0.0,1.0,0.0,0.0,1.0,0.0,0.0,0.0,0.0,1.0,0.0,1.0,0.0,0.0,0.0,1.0,0.0,0.0,1.0,1.0,0.0,0.0,1.0,0.0,0.0,1.0,0.0,0.0,0.0,1.0,0.0,1.0,0.0,0.0,0.0,1.0,0.0,1.0,0.0,0.0,0.0,1.0,0.0
0.1032916184305326,0.2788421908529143,0.6178661907165531,0.0,1.0,0.0,1.0,0.0,0.0,1.0,0.0,0.0,0.0,1.0,0.0,1.0,0.0,0.0,0.0,0.0,1.0,0.0,0.0,1.0,1.0,0.0,0.0,0.0,1.0,0.0,0.0,1.0,0.0,1.0,0.0,0.0,1.0,0.0,0.0,1.0,0.0,0.0,0.0,1.0,0.0
1.0,0.0,0.0,0.4185438136765937,0.5351206136078015,0.04633557271560483,0.920322534332723,0.027842243147977785,0.051835222519299444,1.0,0.0,0.0,0.0,1.0,0.0,0.0,1.0,0.0,0.0,1.0,0.0,0.0,0.0,1.0,1.0,0.0,0.0,0.0,1.0,0.0,0.0,1.0,0.0,0.0,1.0,0.0,0.0,1.0,0.0,1.0,0.0,0.0,0.12000991506962755,0.5859687356356482,0.29402134929472434
0.018994258789836297,0.34156753990938377,0.6394382013007798,1.0,0.0,0.0,1.0,0.0,0.0,0.14487294437464376,0.5412953705328445,0.31383168509251164,0.0,1.0,0.0,0.0912819302455252,0.4957437282885376,0.41297434146593714,0.0,0.0,1.0,0.40495811934570564,0.47037491818235694,0.12466696247193726,0.0,1.0,0.0,0.0,1.0,0.0,0.0,1.0,0.0,0.0,1.0,0.0,1.0,0.0,0.0,0.0,1.0,0.0,0.0,1.0,0.0
1.0,0.0,0.0,1.0,0.0,0.0,0.0,1.0,0.0,0.0,0.0,1.0,0.0,0.0,1.0,0.0,0.0,1.0,0.0,0.0,1.0,0.5221470950288608,0.3412046968991003,0.1366482080720387,0.0,1.0,0.0,1.0,0.0,0.0,1.0,0.0,0.0,0.0,1.0,0.0,0.0,1.0,0.0,0.0,1.0,0.0,0.0,1.0,0.0
1.0,0.0,0.0,0.40026312059901314,0.557484367608405,0.042252511792581895,0.9083166659284655,0.08274494502524046,0.008938389046294168,0.23238598317337444,0.41439645167543526,0.3532175651511904,0.0,0.0,1.0,1.0,0.0,0.0,0.18813309930581057,0.10960421260719416,0.7022626880869954,0.0,0.0,1.0,0.5648758447573943,0.29836142326614334,0.13676273197646244,1.0,0.0,0.0,0.0,1.0,0.0,1.0,0.0,0.0,0.0,0.0,1.0,0.5705092183981861,0.36338005994929906,0.06611072165251489,0.1461987613387039,0.4907838737673941,0.36301736489390213
0.0,1.0,0.0,0.0,1.0,0.0,1.0,0.0,0.0,0.0,0.0,1.0,0.0,0.0,1.0,0.1480258413740133,0.39664575832047677,0.4553284003055098,1.0,0.0,0.0,0.399692845398251,0.43591825407398377,0.1643889005277651,0.0,0.0,1.0,1.0,0.0,0.0,0.0,1.0,0.0,1.0,0.0,0.0,0.0,1.0,0.0,1.0,0.0,0.0,0.0,0.0,1.0
0.0,1.0,0.0,1.0,0.0,0.0,0.0,1.0,0.0,0.24847966232222102,0.311284549838354,0.44023578783942474,1.0,0.0,0.0,0.0,0.0,1.0,0.057206971166414544,0.36526969281880456,0.5775233360147808,1.0,0.0,0.0,0.5652486769228594,0.32930079225172293,0.1054505308254175,0.5957300020864774,0.22931588638631556,0.17495411152720694,1.0,0.0,0.0,0.0,0.0,1.0,0.0,1.0,0.0,0.5686097390567991,0.4163668814041731,0.015023379539027637,0.0,1.0,0.0
0.0,1.0,0.0,0.0,1.0,0.0,1.0,0.0,0.0,0.0,0.0,1.0,0.0,1.0,0.0,0.0,0.0,1.0,0.0,0.0,1.0,1.0,0.0,0.0,0.0,1.0,0.0,0.0,1.0,0.0,1.0,0.0,0.0,0.0,1.0,0.0,0.0,1.0,0.0,0.0,1.0,0.0,0.0,0.0,1.0
0.0,1.0,0.0,0.512317561486383,0.4435260912702789,0.04415634724333801,0.8169210260240151,0.06443076144889887,0.1186482125270859,1.0,0.0,0.0,0.0,1.0,0.0,0.0,1.0,0.0,0.0,0.0,1.0,0.0,1.0,0.0,1.0,0.0,0.0,0.0,1.0,0.0,0.0,0.0,1.0,1.0,0.0,0.0,0.0,1.0,0.0,1.0,0.0,0.0,0.13198746625086327,0.5377329610801087,0.33027957266902797
0.06654034512571111,0.3383720294387257,0.5950876254355635,0.0,1.0,0.0,1.0,0.0,0.0,0.22839491795692396,0.4040087446885432,0.36759633735453323,0.0,1.0,0.0,0.13850383025452367,0.5023073932818711,0.3591887764636055,0.0,0.0,1.0,0.36127691084495706,0.47610104783719354,0.16262204131784974,1.0,0.0,0.0,1.0,0.0,0.0,1.0,0.0,0.0,0.0,0.0,1.0,1.0,0.0,0.0,1.0,0.0,0.0,0.0,0.0,1.0
0.024870041361865818,0.3477908780883305,0.6273390805498035,1.0,0.0,0.0,1.0,0.0,0.0,0.0,1.0,0.0,0.0,1.0,0.0,0.0,1.0,0.0,0.0,0.0,1.0,0.0,1.0,0.0,1.0,0.0,0.0,1.0,0.0,0.0,0.0,1.0,0.0,0.0,1.0,0.0,0.0,1.0,0.0,0.5017005110968109,0.4358342305524831,0.06246525835070582,0.0,1.0,0.0
0.0,1.0,0.0,0.5573646225179703,0.3999892587543087,0.04264611872772099,0.8468906803386111,0.06455606096799787,0.08855325869339083,0.0,1.0,0.0,0.0,1.0,0.0,0.0,1.0,0.0,0.0,0.0,1.0,0.0,1.0,0.0,1.0,0.0,0.0,0.0,0.0,1.0,0.0,1.0,0.0,0.0,0.0,1.0,1.0,0.0,0.0,1.0,0.0,0.0,0.13761954309481667,0.5206636473689292,0.341716809536254
0.08821729882032683,0.3066506975078434,0.60513200367183,1.0,0.0,0.0,1.0,0.0,0.0,1.0,0.0,0.0,0.0,1.0,0.0,0.0,0.0,1.0,0.0,1.0,0.0,1.0,0.0,0.0,0.0,1.0,0.0,1.0,0.0,0.0,1.0,0.0,0.0,1.0,0.0,0.0,0.0,1.0,0.0,1.0,0.0,0.0,0.0,1.0,0.0
0.0,1.0,0.0,0.4314782707564567,0.5179273601358645,0.05059436910767903,0.8705059887153314,0.07356623372159021,0.05592777756307882,0.0,0.0,1.0,0.0,0.0,1.0,0.0,0.0,1.0,0.0,1.0,0.0,0.0,1.0,0.0,1.0,0.0,0.0,1.0,0.0,0.0,0.0,1.0,0.0,1.0,0.0,0.0,1.0,0.0,0.0,1.0,0.0,0.0,0.11454120987952994,0.5074459030174987,0.37801288710297165
0.03218023376367617,0.26823941889752645,0.6995803473387974,1.0,0.0,0.0,0.0,1.0,0.0,0.0,0.0,1.0,1.0,0.0,0.0,0.09468481561605545,0.5765308547634789,0.3287843296204657,0.0,0.0,1.0,0.34123841837505753,0.5850893847376841,0.07367219688725826,1.0,0.0,0.0,1.0,0.0,0.0,0.0,0.0,1.0,0.0,1.0,0.0,1.0,0.0,0.0,1.0,0.0,0.0,0.09059656246154484,0.5896251791778455,0.3197782583606097
0.0,1.0,0.0,0.0,1.0,0.0,1.0,0.0,0.0,0.0,0.0,1.0,0.0,1.0,0.0,0.0,1.0,0.0,0.0,1.0,0.0,0.0,1.0,0.0,1.0,0.0,0.0,0.0,0.0,1.0,0.0,1.0,0.0,0.0,1.0,0.0,0.0,1.0,0.0,1.0,0.0,0.0,0.0,0.0,1.0
0.0,1.0,0.0,0.5161706685002211,0.47128828536190015,0.012541046137878714,0.8892937118851111,0.06157521715784902,0.04913107095703982,0.0,1.0,0.0,0.0,0.0,1.0,0.0,1.0,0.0,0.0,0.0,1.0,0.0,1.0,0.0,0.0,1.0,0.0,1.0,0.0,0.0,1.0,0.0,0.0,0.0,1.0,0.0,1.0,0.0,0.0,1.0,0.0,0.0,0.1272292927578951,0.6193136601884563,0.25345704705364835
0.0,1.0,0.0,0.0,1.0,0.0,1.0,0.0,0.0,0.0,0.0,1.0,1.0,0.0,0.0,0.0,0.0,1.0,0.0,1.0,0.0,1.0,0.0,0.0,0.0,1.0,0.0,1.0,0.0,0.0,1.0,0.0,0.0,0.0,1.0,0.0,0.0,1.0,0.0,1.0,0.0,0.0,0.0,0.0,1.0
0.0,1.0,0.0,0.0,1.0,0.0,1.0,0.0,0.0,0.0,0.0,1.0,0.0,0.0,1.0,0.0,0.0,1.0,0.0,0.0,1.0,1.0,0.0,0.0,1.0,0.0,0.0,0.0,1.0,0.0,1.0,0.0,0.0,0.0,0.0,1.0,0.0,1.0,0.0,1.0,0.0,0.0,0.0,1.0,0.0
0.0,1.0,0.0,0.4621518111063409,0.49269819865400244,0.04514999023965659,0.9271552563796532,0.025021396033709287,0.04782334758663738,1.0,0.0,0.0,0.0,1.0,0.0,0.1585941642876924,0.49488845491636874,0.34651738079593875,0.07394481662182587,0.22231388209425101,0.7037413012839231,0.3473707067767278,0.5041522660884711,0.14847702713480102,1.0,0.0,0.0,0.2710867277236033,0.49357969900896437,0.23533357326743232,0.0,1.0,0.0,0.0,1.0,0.0,1.0,0.0,0.0,0.0,0.0,1.0,0.07402272993954925,0.7087227574273607,0.21725451263308995
0.09453418220408362,0.2595592375094866,0.6459065802864297,0.0,1.0,0.0,1.0,0.0,0.0,0.0,0.0,1.0,0.0,1.0,0.0,0.09719781205782331,0.46312464789014407,0.43967754005203263,0.0,1.0,0.0,0.38103025934305224,0.4108458002115058,0.2081239404454419,1.0,0.0,0.0,0.0,1.0,0.0,1.0,0.0,0.0,0.0,1.0,0.0,1.0,0.0,0.0,1.0,0.0,0.0,0.0,0.0,1.0
0.0,1.0,0.0,0.5695580025146546,0.38116763801345854,0.04927435947188682,0.9146509628426654,0.06702652087274892,0.018322516284585526,0.20282498313935102,0.48052458839795026,0.31665042846269864,0.0,1.0,0.0,0.0,0.0,1.0,0.07081599993685539,0.2883337575607814,0.6408502425023632,1.0,0.0,0.0,0.0,1.0,0.0,0.45499288531634074,0.38949403133284616,0.15551308335081315,0.3918126821435069,0.4530271083151565,0.15516020954133655,0.3112290135345359,0.566793292149814,0.12197769431565014,0.3933448050639868,0.4325207361123018,0.17413445882371142,0.0,1.0,0.0,0.1069702156920506,0.5995173870494438,0.29351239725850564
0.0,1.0,0.0,0.0,1.0,0.0,1.0,0.0,0.0,0.0,0.0,1.0,0.0,1.0,0.0,0.0,1.0,0.0,0.0,0.0,1.0,0.0,1.0,0.0,1.0,0.0,0.0,1.0,0.0,0.0,0.0,1.0,0.0,1.0,0.0,0.0,1.0,0.0,0.0,0.0,1.0,0.0,0.0,1.0,0.0
0.0,1.0,0.0,0.465533546495734,0.5242810381148292,0.010185415389436842,0.8888441759303954,0.09616327337954557,0.014992550690058903,0.0,0.0,1.0,0.23246381699793076,0.6523244750408422,0.1152117079612269,0.06483817507287949,0.4389441584000224,0.49621766652709814,0.0,0.0,1.0,0.4831866250463464,0.36735006006092596,0.14946331489272757,0.0,1.0,0.0,0.0,1.0,0.0,1.0,0.0,0.0,0.37383667260392606,0.441514488232118,0.184648839163956,0.40370983061638577,0.5439584334179339,0.05233173596568023,1.0,0.0,0.0,0.07468796066271623,0.6257882947614831,0.29952374457580055
0.0,0.0,1.0,1.0,0.0,0.0,1.0,0.0,0.0,1.0,0.0,0.0,0.0,0.0,1.0,0.0,1.0,0.0,0.0,0.0,1.0,0.0,1.0,0.0,0.0,1.0,0.0,0.0,1.0,0.0,0.0,1.0,0.0,0.0,1.0,0.0,1.0,0.0,0.0,1.0,0.0,0.0,0.0,1.0,0.0
0.0,0.0,1.0,0.49756752691310013,0.4557010385790842,0.04673143450781579,0.9048939835992221,0.040260593821407606,0.05484542257937024,0.0,0.0,1.0,0.0,1.0,0.0,0.0,0.0,1.0,0.0,1.0,0.0,1.0,0.0,0.0,1.0,0.0,0.0,1.0,0.0,0.0,0.0,1.0,0.0,0.0,1.0,0.0,0.0,1.0,0.0,0.0,1.0,0.0,0.10182037331409366,0.6654474544665175,0.2327321722193888
0.0,0.0,1.0,0.0,1.0,0.0,1.0,0.0,0.0,0.0,1.0,0.0,0.0,1.0,0.0,0.0,0.0,1.0,0.06331942894544663,0.26335952774250265,0.6733210433120506,1.0,0.0,0.0,0.5283519599608963,0.43565988094860236,0.035988159090501355,0.0,0.0,1.0,1.0,0.0,0.0,0.0,1.0,0.0,0.0,1.0,0.0,1.0,0.0,0.0,0.0,0.0,1.0
0.0,0.0,1.0,0.4513857115427455,0.5039572063011181,0.04465708215613627,0.8247209804318661,0.09314258214756277,0.08213643742057097,1.0,0.0,0.0,0.0,1.0,0.0,0.0,0.0,1.0,0.0,1.0,0.0,1.0,0.0,0.0,1.0,0.0,0.0,0.0,1.0,0.0,1.0,0.0,0.0,0.0,0.0,1.0,0.0,1.0,0.0,0.0,1.0,0.0,0.07946032312832066,0.6199719601371642,0.30056771673451504
0.06449885789915002,0.29254310362883,0.6429580384720198,0.0,1.0,0.0,1.0,0.0,0.0,0.0,0.0,1.0,1.0,0.0,0.0,0.0,1.0,0.0,0.0,0.0,1.0,0.0,1.0,0.0,0.0,0.0,1.0,1.0,0.0,0.0,0.0,0.0,1.0,0.0,0.0,1.0,0.0,1.0,0.0,1.0,0.0,0.0,0.0,0.0,1.0
0.0,0.0,1.0,0.43396532210482464,0.5235410669835545,0.0424936109116207,0.8791683016161628,0.06621800273781053,0.05461369564602653,0.0,0.0,1.0,0.0,1.0,0.0,0.0,0.0,1.0,0.0,1.0,0.0,1.0,0.0,0.0,1.0,0.0,0.0,0.0,0.0,1.0,0.0,1.0,0.0,0.0,0.0,1.0,1.0,0.0,0.0,0.0,1.0,0.0,0.13448233517841124,0.5736163354302328,0.29190132939135577
0.0,0.0,1.0,0.5448605483062654,0.4415144844314456,0.013624967262288847,0.8141971026571525,0.10127447504551283,0.08452842229733452,1.0,0.0,0.0,0.0,1.0,0.0,0.0,0.0,1.0,0.0,1.0,0.0,1.0,0.0,0.0,0.0,1.0,0.0,1.0,0.0,0.0,1.0,0.0,0.0,0.0,1.0,0.0,0.0,1.0,0.0,1.0,0.0,0.0,0.09241053158352558,0.5259842581018529,0.38160521031462136
0.0,0.0,1.0,1.0,0.0,0.0,1.0,0.0,0.0,0.0,0.0,1.0,0.0,1.0,0.0,0.06961345082108426,0.4166469125457556,0.5137396366331601,0.0,1.0,0.0,0.47758813234413006,0.4147666079653555,0.10764525969051436,1.0,0.0,0.0,1.0,0.0,0.0,0.0,0.0,1.0,0.0,0.0,1.0,1.0,0.0,0.0,1.0,0.0,0.0,0.0,0.0,1.0
0.057787411704279486,0.3299043706966831,0.6123082175990375,0.5517857103067612,0.43491605711730486,0.013298232575934127,0.819239144003489,0.16465547393809263,0.016105382058418646,0.0,0.0,1.0,1.0,0.0,0.0,0.0,0.0,1.0,0.03126982424391155,0.3041849331290404,0.6645452426270482,1.0,0.0,0.0,0.0,1.0,0.0,1.0,0.0,0.0,1.0,0.0,0.0,0.0,1.0,0.0,0.0,0.0,1.0,0.0,1.0,0.0,0.1590373526649615,0.5256163169639719,0.31534633037106674
0.0,0.0,1.0,0.0,1.0,0.0,1.0,0.0,0.0,0.0,1.0,0.0,0.0,1.0,0.0,0.0,1.0,0.0,0.0,1.0,0.0,0.0,0.0,1.0,1.0,0.0,0.0,0.0,1.0,0.0,1.0,0.0,0.0,0.0,0.0,1.0,0.0,1.0,0.0,1.0,0.0,0.0,0.0,1.0,0.0
0.0,0.0,1.0,1.0,0.0,0.0,1.0,0.0,0.0,1.0,0.0,0.0,0.0,0.0,1.0,0.053273570346804154,0.5972110217716596,0.3495154078815361,0.0,1.0,0.0,0.35724959479191953,0.5031214205880684,0.13962898462001194,0.5146272323300135,0.44828181482641893,0.03709095284356753,0.0,1.0,0.0,1.0,0.0,0.0,0.0,1.0,0.0,0.0,1.0,0.0,0.0,1.0,0.0,0.0,1.0,0.0
0.0,0.0,1.0,0.4759506716118783,0.5128946624837325,0.011154665904389063,0.9195123187516896,0.0273654186906741,0.05312226255763612,0.0,0.0,1.0,0.0,1.0,0.0,0.0,1.0,0.0,0.08705657819281633,0.3100625004160121,0.6028809213911714,0.0,1.0,0.0,1.0,0.0,0.0,0.0,1.0,0.0,0.0,1.0,0.0,0.0,1.0,0.0,0.0,1.0,0.0,0.0,1.0,0.0,0.1593432848079871,0.6206543002284799,0.22000241496353282
0.0,0.0,1.0,0.0,1.0,0.0,1.0,0.0,0.0,1.0,0.0,0.0,0.0,1.0,0.0,0.0,1.0,0.0,0.0,0.0,1.0,0.0,1.0,0.0,0.0,1.0,0.0,1.0,0.0,0.0,0.0,0.0,1.0,0.0,1.0,0.0,0.0,1.0,0.0,0.0,1.0,0.0,0.0,0.0,1.0
0.10748103871691797,0.3090400370521324,0.5834789242309494,1.0,0.0,0.0,1.0,0.0,0.0,1.0,0.0,0.0,0.0,1.0,0.0,0.10273960140774689,0.4459528558043026,0.4513075427879502,0.0,0.0,1.0,0.3739010819036488,0.4403221327231559,0.18577678537319503,1.0,0.0,0.0,0.0,1.0,0.0,0.0,0.0,1.0,1.0,0.0,0.0,0.31233032122638094,0.5986523341263253,0.08901734464729355,1.0,0.0,0.0,0.0,1.0,0.0
0.0,0.0,1.0,0.3965031032288043,0.5882368688937295,0.015260027877466519,0.8410940215833725,0.06833451730814698,0.0905714611084806,0.0,0.0,1.0,1.0,0.0,0.0,0.0,0.0,1.0,1.0,0.0,0.0,0.0,1.0,0.0,0.0,1.0,0.0,0.0,1.0,0.0,1.0,0.0,0.0,1.0,0.0,0.0,1.0,0.0,0.0,1.0,0.0,0.0,0.06671743854788775,0.5950747786261034,0.33820778282600894
0.0,0.0,1.0,0.0,1.0,0.0,1.0,0.0,0.0,1.0,0.0,0.0,0.0,1.0,0.0,0.0,1.0,0.0,0.09941628726183738,0.16842382916995258,0.7321598835682102,0.0,1.0,0.0,1.0,0.0,0.0,1.0,0.0,0.0,0.0,1.0,0.0,1.0,0.0,0.0,0.0,0.0,1.0,0.0,0.0,1.0,0.0,0.0,1.0
0.06319672359331903,0.25062584643377256,0.6861774299729086,0.0,1.0,0.0,1.0,0.0,0.0,1.0,0.0,0.0,0.0,1.0,0.0,0.10490763535670913,0.5524719256849819,0.342620438958309,0.0,0.0,1.0,0.31500815175837693,0.5018621954681547,0.18312965277346857,1.0,0.0,0.0,0.0,1.0,0.0,0.0,0.0,1.0,0.0,1.0,0.0,0.3662430290477741,0.48043458349466256,0.15332238745756344,1.0,0.0,0.0,0.0,0.0,1.0
0.0,0.0,1.0,0.0,0.0,1.0,1.0,0.0,0.0,0.0,0.0,1.0,0.0,1.0,0.0,0.0,0.0,1.0,0.0,1.0,0.0,1.0,0.0,0.0,1.0,0.0,0.0,0.0,0.0,1.0,0.0,1.0,0.0,1.0,0.0,0.0,0.0,1.0,0.0,0.0,1.0,0.0,0.0,0.0,1.0
0.0,0.0,1.0,0.5930595326754583,0.3930296381287792,0.013910829195762224,0.8801298502335175,0.10143313066087543,0.018437019105606852,0.0,0.0,1.0,1.0,0.0,0.0,0.0,1.0,0.0,0.0,0.0,1.0,0.0,1.0,0.0,0.0,1.0,0.0,1.0,0.0,0.0,0.0,0.0,1.0,0.0,1.0,0.0,0.0,1.0,0.0,0.0,1.0,0.0,0.1637679271822877,0.5734757732342092,0.26275629958350316
0.0,0.0,1.0,0.0,1.0,0.0,1.0,0.0,0.0,0.0,0.0,1.0,0.0,1.0,0.0,0.10435076681452143,0.48747744196995413,0.40817179121552427,0.0,1.0,0.0,0.3539010893640619,0.4599233620450928,0.1861755485908452,1.0,0.0,0.0,0.0,1.0,0.0,0.0,1.0,0.0,0.0,1.0,0.0,1.0,0.0,0.0,1.0,0.0,0.0,0.0,1.0,0.0
0.0,0.0,1.0,0.0,1.0,0.0,1.0,0.0,0.0,0.0,1.0,0.0,0.0,0.0,1.0,0.11472040097008879,0.4423673573241361,0.44291224170577503,0.0,1.0,0.0,0.38742012510335666,0.4291215897655772,0.18345828513106618,1.0,0.0,0.0,0.0,1.0,0.0,0.0,0.0,1.0,1.0,0.0,0.0,0.0,0.0,1.0,0.0,1.0,0.0,0.0,1.0,0.0
0.02253110183359373,0.33703723641439753,0.6404316617520085,0.3513424316684821,0.601699192426926,0.0469583759045915,0.9468744579331286,0.03320346379179444,0.019922078275076655,0.0,0.0,1.0,0.0,1.0,0.0,0.06394955240962351,0.3939950461228461,0.5420554014675302,0.0,1.0,0.0,0.46067289037251924,0.46503669834148453,0.07429041128599598,0.7891372644628852,0.18193824548642903,0.02892449005068537,0.0,0.0,1.0,0.0,1.0,0.0,0.0,0.0,1.0,1.0,0.0,0.0,0.0,1.0,0.0,0.0965321227956589,0.5728680139726072,0.33059986323173374
0.0,0.0,1.0,1.0,0.0,0.0,0.0,1.0,0.0,1.0,0.0,0.0,0.0,1.0,0.0,0.0,1.0,0.0,0.0,0.0,1.0,0.0,1.0,0.0,0.0,1.0,0.0,1.0,0.0,0.0,0.0,1.0,0.0,0.0,1.0,0.0,0.0,0.0,1.0,1.0,0.0,0.0,0.0,1.0,0.0
0.0,0.0,1.0,0.0,1.0,0.0,1.0,0.0,0.0,1.0,0.0,0.0,0.0,1.0,0.0,0.0,1.0,0.0,0.0,0.0,1.0,0.0,1.0,0.0,1.0,0.0,0.0,1.0,0.0,0.0,1.0,0.0,0.0,1.0,0.0,0.0,0.0,1.0,0.0,0.0,1.0,0.0,0.0,0.0,1.0
0.0,0.0,1.0,0.0,1.0,0.0,1.0,0.0,0.0,0.0,0.0,1.0,1.0,0.0,0.0,0.0,0.0,1.0,0.0,1.0,0.0,1.0,0.0,0.0,1.0,0.0,0.0,0.0,1.0,0.0,0.0,1.0,0.0,1.0,0.0,0.0,1.0,0.0,0.0,0.0,1.0,0.0,0.0,1.0,0.0
0.0,0.0,1.0,0.4744090366429033,0.4817384297237086,0.043852533633388126,0.8715148787415884,0.04784407935169002,0.08064104190672157,1.0,0.0,0.0,0.0,1.0,0.0,0.0,1.0,0.0,0.13025960237333167,0.11844361689352376,0.7512967807331445,0.0,1.0,0.0,1.0,0.0,0.0,1.0,0.0,0.0,1.0,0.0,0.0,1.0,0.0,0.0,1.0,0.0,0.0,0.0,1.0,0.0,0.0753407543449694,0.5665364135397485,0.3581228321152822
0.0,0.0,1.0,1.0,0.0,0.0,1.0,0.0,0.0,0.0,0.0,1.0,0.0,1.0,0.0,0.0,1.0,0.0,0.0,0.0,1.0,0.0,0.0,1.0,0.0,1.0,0.0,1.0,0.0,0.0,1.0,0.0,0.0,1.0,0.0,0.0,1.0,0.0,0.0,1.0,0.0,0.0,0.0,1.0,0.0
0.0,0.0,1.0,0.0,1.0,0.0,1.0,0.0,0.0,0.0,0.0,1.0,1.0,0.0,0.0,0.0,0.0,1.0,0.0,1.0,0.0,1.0,0.0,0.0,1.0,0.0,0.0,1.0,0.0,0.0,0.0,1.0,0.0,0.0,0.0,1.0,0.0,1.0,0.0,0.0,1.0,0.0,0.0,1.0,0.0
0.0,0.0,1.0,0.5371351463648941,0.44845181322598454,0.014413040409121383,0.8439231860552978,0.0651719159601859,0.09090489798451633,1.0,0.0,0.0,0.0,1.0,0.0,0.0,1.0,0.0,0.0,1.0,0.0,0.0,1.0,0.0,0.0,1.0,0.0,1.0,0.0,0.0,1.0,0.0,0.0,1.0,0.0,0.0,0.0,1.0,0.0,0.0,0.0,1.0,0.12235425297779313,0.6010999747704784,0.2765457722517286
0.06460072264408573,0.32360950911219705,0.6117897682437172,0.0,1.0,0.0,1.0,0.0,0.0,0.3068891885465242,0.28582104506396877,0.4072897663895069,0.0,1.0,0.0,1.0,0.0,0.0,0.0684421215650812,0.34864641444659156,0.582911463988327,0.377488669286986,0.46302920820443694,0.159482122508577,1.0,0.0,0.0,0.0,0.0,1.0,0.0,1.0,0.0,1.0,0.0,0.0,1.0,0.0,0.0,0.5542050100027249,0.36634494161660325,0.07945004838067163,0.09208122435880545,0.5481042509412296,0.35981452469996483
0.0,0.0,1.0,0.4153888860052176,0.5390923106664213,0.04551880332836124,0.9194219200413178,0.06365706947103791,0.016921010487644276,0.29678839362457815,0.3810774522235424,0.3221341541518797,0.0,1.0,0.0,0.0,1.0,0.0,0.0,0.0,1.0,0.0,0.0,1.0,0.0,1.0,0.0,0.0,1.0,0.0,0.0,0.0,1.0,1.0,0.0,0.0,1.0,0.0,0.0,0.0,1.0,0.0,0.0957275756663526,0.6037365114152822,0.30053591291836523
0.0,0.0,1.0,0.0,1.0,0.0,1.0,0.0,0.0,0.0,0.0,1.0,0.0,0.0,1.0,1.0,0.0,0.0,0.0,0.0,1.0,0.0,0.0,1.0,1.0,0.0,0.0,0.0,1.0,0.0,1.0,0.0,0.0,0.0,1.0,0.0,0.0,0.0,1.0,1.0,0.0,0.0,0.0,0.0,1.0
0.0,0.0,1.0,0.48145536987970916,0.47283410713115076,0.04571052298914004,0.8621049045228601,0.09089024017984271,0.04700485529729746,0.22172066040021665,0.44531354904411063,0.3329657905556728,0.0,1.0,0.0,0.0,0.0,1.0,0.0,0.0,1.0,1.0,0.0,0.0,1.0,0.0,0.0,0.0,0.0,1.0,0.24729176778398082,0.6076723276819109,0.1450359045341085,0.34678793783369716,0.5534487701375376,0.09976329202876544,0.3520554954298039,0.48716949811503474,0.16077500645516146,1.0,0.0,0.0,0.11387383707816473,0.5609786424592204,0.3251475204626152
0.0,0.0,1.0,0.5084469878207871,0.4779192934200175,0.013633718759195442,0.9171706950169449,0.06276098064124885,0.020068324341806377,0.279421347478283,0.3098086604666427,0.41076999205507436,1.0,0.0,0.0,0.0,1.0,0.0,0.0,1.0,0.0,0.0,1.0,0.0,0.5477311035054221,0.3777244512206916,0.07454444527388635,0.4531986245710375,0.47446353174182654,0.07233784368713592,0.0,0.0,1.0,0.0,1.0,0.0,1.0,0.0,0.0,1.0,0.0,0.0,0.12812602285702132,0.5086560698120599,0.36321790733091874
0.0,0.0,1.0,0.0,1.0,0.0,1.0,0.0,0.0,0.0,0.0,1.0,0.0,1.0,0.0,0.0,0.0,1.0,0.0,1.0,0.0,1.0,0.0,0.0,0.0,1.0,0.0,0.0,1.0,0.0,0.0,1.0,0.0,0.0,1.0,0.0,0.0,0.0,1.0,0.0,0.0,1.0,0.0,1.0,0.0
0.12170105398891229,0.1738784303653994,0.7044205156456885,1.0,0.0,0.0,1.0,0.0,0.0,0.3005676880700272,0.41665456300712256,0.28277774892285035,0.0,1.0,0.0,0.08207192152688723,0.42230054094978714,0.49562753752332583,0.0,0.0,1.0,0.473626990351542,0.3868460045545444,0.1395270050939138,0.0,1.0,0.0,1.0,0.0,0.0,1.0,0.0,0.0,1.0,0.0,0.0,0.0,1.0,0.0,1.0,0.0,0.0,0.0,0.0,1.0
0.0,0.0,1.0,0.5731736343345799,0.40848754009782723,0.018338825567592996,0.9373132270916059,0.0391792330677464,0.02350753984064784,0.0,1.0,0.0,0.0,1.0,0.0,0.0,0.0,1.0,0.0,1.0,0.0,1.0,0.0,0.0,0.0,1.0,0.0,1.0,0.0,0.0,0.0,0.0,1.0,0.0,1.0,0.0,1.0,0.0,0.0,0.0,1.0,0.0,0.10991033239969697,0.5435396195531564,0.3465500480471468
0.0,0.0,1.0,0.0,1.0,0.0,1.0,0.0,0.0,1.0,0.0,0.0,0.0,0.0,1.0,0.0,0.0,1.0,0.0,0.0,1.0,1.0,0.0,0.0,0.0,1.0,0.0,0.0,1.0,0.0,0.0,0.0,1.0,0.0,1.0,0.0,0.0,1.0,0.0,1.0,0.0,0.0,0.0,0.0,1.0
0.06095577900722114,0.23230656368431118,0.7067376573084677,0.0,1.0,0.0,1.0,0.0,0.0,0.29610240260025156,0.3814222202156611,0.32247537718408725,0.0,1.0,0.0,0.05565051134621598,0.570369618278392,0.37397987037539204,0.0,0.0,1.0,0.3832290304267407,0.4856375197179284,0.13113344985533082,0.0,1.0,0.0,0.0,1.0,0.0,0.0,1.0,0.0,0.0,1.0,0.0,0.0,1.0,0.0,1.0,0.0,0.0,0.0,1.0,0.0
0.0,0.0,1.0,0.4813217852704475,0.5048105943320792,0.013867620397473525,0.8446841029906218,0.10179145791481947,0.053524439094558944,0.0,0.0,1.0,0.0,0.0,1.0,0.0,1.0,0.0,1.0,0.0,0.0,0.0,1.0,0.0,1.0,0.0,0.0,1.0,0.0,0.0,1.0,0.0,0.0,0.0,1.0,0.0,1.0,0.0,0.0,0.0,1.0,0.0,0.09240425588615676,0.641717715743517,0.26587802837032654
0.0,0.0,1.0,0.0,1.0,0.0,0.0,1.0,0.0,1.0,0.0,0.0,0.0,1.0,0.0,0.12267441672414389,0.47235031882615064,0.40497526444970544,0.0,0.0,1.0,0.35303642558046516,0.46599129876240414,0.18097227565713053,1.0,0.0,0.0,1.0,0.0,0.0,1.0,0.0,0.0,1.0,0.0,0.0,0.33047156885623563,0.4498576506768749,0.21967078046688943,1.0,0.0,0.0,0.0,1.0,0.0
0.07272706252714073,0.3558016484071246,0.5714712890657347,0.0,1.0,0.0,1.0,0.0,0.0,0.3484316348909952,0.337031132262914,0.3145372328460907,0.20492910361233446,0.7124904269468998,0.08258046944076572,0.10430351928615555,0.4183892531529512,0.4773072275608931,0.0,0.0,1.0,0.41863632586405414,0.4185322300561346,0.16283144407981112,1.0,0.0,0.0,0.0,0.0,1.0,1.0,0.0,0.0,0.0,0.0,1.0,0.0,1.0,0.0,1.0,0.0,0.0,0.0,1.0,0.0
1.0,0.0,0.0,0.5422795538807677,0.446408354615141,0.011312091504091376,0.8607422043288493,0.12648623005694526,0.012771565614205435,0.0,0.0,1.0,0.0,1.0,0.0,1.0,0.0,0.0,0.0,0.0,1.0,0.0,0.0,1.0,0.0,1.0,0.0,1.0,0.0,0.0,1.0,0.0,0.0,0.0,0.0,1.0,0.0,1.0,0.0,1.0,0.0,0.0,0.05281716363013683,0.6823991306611814,0.2647837057086817
0.0,0.0,1.0,0.446200471229934,0.5060837331872422,0.04771579558282374,0.9027368181283014,0.03760180547228882,0.059661376399409494,0.0,0.0,1.0,0.0,1.0,0.0,0.0,1.0,0.0,0.0,1.0,0.0,0.0,1.0,0.0,1.0,0.0,0.0,0.0,1.0,0.0,0.0,1.0,0.0,0.0,1.0,0.0,1.0,0.0,0.0,1.0,0.0,0.0,0.10501338578858113,0.5569512113886944,0.3380354028227244
1.0,0.0,0.0,1.0,0.0,0.0,1.0,0.0,0.0,0.0,1.0,0.0,0.0,1.0,0.0,0.0,0.0,1.0,1.0,0.0,0.0,1.0,0.0,0.0,1.0,0.0,0.0,0.0,1.0,0.0,0.0,1.0,0.0,1.0,0.0,0.0,0.0,1.0,0.0,0.5850451049231543,0.38932521774703105,0.02562967732981443,0.0,1.0,0.0
0.09952437464739286,0.2864321772044293,0.6140434481481777,0.0,1.0,0.0,0.0,0.0,1.0,0.0,1.0,0.0,0.0,1.0,0.0,0.0,0.0,1.0,0.0,1.0,0.0,1.0,0.0,0.0,1.0,0.0,0.0,1.0,0.0,0.0,1.0,0.0,0.0,1.0,0.0,0.0,0.0,1.0,0.0,1.0,0.0,0.0,0.056315895238917765,0.5605419008893134,0.38314220387176867
0.0,1.0,0.0,1.0,0.0,0.0,0.0,0.0,1.0,0.0,1.0,0.0,0.0,0.0,1.0,0.0,1.0,0.0,0.0,0.0,1.0,0.0,1.0,0.0,1.0,0.0,0.0,1.0,0.0,0.0,0.0,1.0,0.0,0.0,1.0,0.0,1.0,0.0,0.0,0.0,1.0,0.0,0.1352846492202254,0.642061288616552,0.22265406216322273
0.059703164343235464,0.2777028717657313,0.6625939638910332,1.0,0.0,0.0,1.0,0.0,0.0,0.0,1.0,0.0,0.0,1.0,0.0,0.0,1.0,0.0,1.0,0.0,0.0,0.3213586069098288,0.49009854050736207,0.1885428525828091,0.0,1.0,0.0,0.40642127347072327,0.5450323263048068,0.04854640022446979,1.0,0.0,0.0,1.0,0.0,0.0,0.0,1.0,0.0,0.5312528403811924,0.41121450079185407,0.0575326588269536,0.0,1.0,0.0
0.06747114568636546,0.37390756394603325,0.5586212903676012,1.0,0.0,0.0,1.0,0.0,0.0,0.19304427842211994,0.48157366827823334,0.3253820532996466,0.0,1.0,0.0,0.0,0.0,1.0,0.0,0.0,1.0,0.5742035948867907,0.35222401731576425,0.07357238779744485,1.0,0.0,0.0,0.4264672141423746,0.44462619073693765,0.12890659512068772,1.0,0.0,0.0,0.0,1.0,0.0,0.0,1.0,0.0,0.0,1.0,0.0,0.0,1.0,0.0
0.0,1.0,0.0,1.0,0.0,0.0,1.0,0.0,0.0,0.0,1.0,0.0,1.0,0.0,0.0,0.0,0.0,1.0,1.0,0.0,0.0,0.0,0.0,1.0,1.0,0.0,0.0,1.0,0.0,0.0,0.0,1.0,0.0,1.0,0.0,0.0,1.0,0.0,0.0,0.5259550823385701,0.40725487258586934,0.06679004507556077,0.18715047694826867,0.5133099562542116,0.29953956679752
0.022429669935511133,0.3323130109061997,0.6452573191582891,1.0,0.0,0.0,0.0,1.0,0.0,0.0,1.0,0.0,1.0,0.0,0.0,0.0,1.0,0.0,0.028236499956005155,0.16035804998618258,0.8114054500578123,0.0,1.0,0.0,0.0,0.0,1.0,0.0,1.0,0.0,0.0,1.0,0.0,0.0,1.0,0.0,1.0,0.0,0.0,0.0,1.0,0.0,1.0,0.0,0.0
0.0,1.0,0.0,0.0,0.0,1.0,1.0,0.0,0.0,0.0,1.0,0.0,0.0,1.0,0.0,0.0,0.0,1.0,0.0,0.0,1.0,1.0,0.0,0.0,0.0,0.0,1.0,1.0,0.0,0.0,0.0,1.0,0.0,1.0,0.0,0.0,1.0,0.0,0.0,0.5828190626244888,0.36224203008088324,0.05493890729462815,0.10451310034483874,0.49269644616865793,0.40279045348650344
0.0,1.0,0.0,0.0,1.0,0.0,1.0,0.0,0.0,0.0,1.0,0.0,1.0,0.0,0.0,1.0,0.0,0.0,1.0,0.0,0.0,1.0,0.0,0.0,1.0,0.0,0.0,1.0,0.0,0.0,0.0,1.0,0.0,1.0,0.0,0.0,0.0,0.0,1.0,0.4094042456741128,0.483931555315643,0.10666419901024402,1.0,0.0,0.0
0.02937491969132403,0.2535867998206652,0.717038280488011,1.0,0.0,0.0,1.0,0.0,0.0,0.0,0.0,1.0,1.0,0.0,0.0,0.0,1.0,0.0,0.0,0.0,1.0,0.336159277988857,0.6078402708627878,0.05600045114835543,1.0,0.0,0.0,0.4895140310064135,0.40705030583947127,0.10343566315411545,1.0,0.0,0.0,0.0,0.0,1.0,0.0,1.0,0.0,0.0,1.0,0.0,0.21678959828004085,0.5169437890995203,0.2662666126204391
0.02174844085571556,0.3141520765817667,0.6640994825625176,1.0,0.0,0.0,1.0,0.0,0.0,0.0,1.0,0.0,0.0,1.0,0.0,0.0,1.0,0.0,0.0,0.0,1.0,0.3478752681644263,0.5428342802899228,0.10929045154565074,0.0,1.0,0.0,0.46256658098150166,0.40847172193044645,0.1289616970880518,1.0,0.0,0.0,0.0,1.0,0.0,1.0,0.0,0.0,0.5485010350050423,0.4265712194685508,0.02492774552640681,0.0,1.0,0.0
0.0,1.0,0.0,0.0,1.0,0.0,1.0,0.0,0.0,0.0,1.0,0.0,0.0,1.0,0.0,0.0,0.0,1.0,1.0,0.0,0.0,0.0,1.0,0.0,0.0,1.0,0.0,0.0,1.0,0.0,0.0,1.0,0.0,1.0,0.0,0.0,1.0,0.0,0.0,0.0,1.0,0.0,0.0,0.0,1.0
0.0,1.0,0.0,1.0,0.0,0.0,1.0,0.0,0.0,0.0,1.0,0.0,0.27419874517774845,0.5921529265474202,0.13364832827483142,0.0,1.0,0.0,0.0,0.0,1.0,0.0,1.0,0.0,0.0,1.0,0.0,0.0,0.0,1.0,0.0,1.0,0.0,0.0,1.0,0.0,1.0,0.0,0.0,0.5482430979992425,0.3882990855900753,0.06345781641068213,0.0,1.0,0.0
0.0,1.0,0.0,1.0,0.0,0.0,1.0,0.0,0.0,0.0,1.0,0.0,0.0,1.0,0.0,0.0,0.0,1.0,0.0,0.0,1.0,1.0,0.0,0.0,1.0,0.0,0.0,0.0,0.0,1.0,0.0,0.0,1.0,1.0,0.0,0.0,0.0,0.0,1.0,0.6395722100050263,0.3371197078022966,0.023308082192677156,0.18645071032638447,0.4873156166848683,0.32623367298874717
0.03670985401583758,0.3622045695265567,0.6010855764576059,0.0,1.0,0.0,1.0,0.0,0.0,0.2414681151173711,0.39287126240639686,0.3656606224762321,0.0,1.0,0.0,0.0,0.0,1.0,0.0627816146459622,0.23325206018616784,0.70396632516787,0.48984596595633983,0.3535765262230879,0.15657750782057228,1.0,0.0,0.0,0.0,1.0,0.0,0.0,1.0,0.0,0.0,1.0,0.0,1.0,0.0,0.0,1.0,0.0,0.0,0.0,1.0,0.0
0.0,1.0,0.0,1.0,0.0,0.0,1.0,0.0,0.0,0.0,1.0,0.0,0.0,1.0,0.0,0.0,0.0,1.0,0.0,1.0,0.0,1.0,0.0,0.0,0.0,0.0,1.0,1.0,0.0,0.0,0.0,0.0,1.0,1.0,0.0,0.0,0.0,1.0,0.0,0.5660240161611819,0.4108211820097847,0.023154801829033636,0.1292774626467949,0.6104486856840649,0.2602738516691406
0.02910199971422004,0.2953969083257695,0.6755010919600105,0.0,1.0,0.0,0.0,1.0,0.0,0.2327449715212207,0.3611423964510685,0.406112632027711,0.0,1.0,0.0,0.0,0.0,1.0,0.04038345697986982,0.29108094520684763,0.6685355978132826,0.618384626195877,0.26896394736966256,0.11265142643446067,1.0,0.0,0.0,1.0,0.0,0.0,1.0,0.0,0.0,0.0,1.0,0.0,0.0,0.0,1.0,1.0,0.0,0.0,0.0,0.0,1.0
0.0,1.0,0.0,1.0,0.0,0.0,1.0,0.0,0.0,0.0,0.0,1.0,1.0,0.0,0.0,0.0,1.0,0.0,0.0,1.0,0.0,0.0,1.0,0.0,0.0,1.0,0.0,0.0,0.0,1.0,0.0,1.0,0.0,1.0,0.0,0.0,0.0,0.0,1.0,0.5133654205046448,0.4658284046284651,0.02080617486689001,0.21129932237754925,0.5223976310201909,0.26630304660225973
0.09761749140817423,0.3130826319790443,0.5892998766127815,0.0,1.0,0.0,1.0,0.0,0.0,0.0,0.0,1.0,0.0,1.0,0.0,0.0,1.0,0.0,1.0,0.0,0.0,0.27625696082209866,0.550225158825492,0.17351788035240942,0.0,0.0,1.0,1.0,0.0,0.0,1.0,0.0,0.0,1.0,0.0,0.0,0.0,0.0,1.0,0.5395060080424654,0.369638997373925,0.09085499458360947,0.0,1.0,0.0
0.0,1.0,0.0,1.0,0.0,0.0,1.0,0.0,0.0,0.0,1.0,0.0,0.0,1.0,0.0,0.0,0.0,1.0,0.0,0.0,1.0,1.0,0.0,0.0,0.0,0.0,1.0,0.0,1.0,0.0,0.0,1.0,0.0,0.0,1.0,0.0,0.0,0.0,1.0,1.0,0.0,0.0,0.12874720383831306,0.5991513512289447,0.2721014449327421
0.0,1.0,0.0,1.0,0.0,0.0,1.0,0.0,0.0,1.0,0.0,0.0,0.2627364533686861,0.5990091162507762,0.13825443038053756,0.0,1.0,0.0,0.045861801806456166,0.20548596283654375,0.748652235357,0.0,1.0,0.0,0.0,1.0,0.0,0.38636256137568015,0.46340456863365176,0.15023286999066804,0.3425761017744194,0.5226872766767102,0.1347366215488704,0.3329882219805149,0.6535270304020578,0.013484747617427191,0.0,1.0,0.0,0.5617714438426743,0.34743910219007573,0.09078945396725009,0.0,1.0,0.0
0.0,1.0,0.0,0.0,1.0,0.0,1.0,0.0,0.0,0.0,1.0,0.0,0.0,1.0,0.0,0.0,1.0,0.0,1.0,0.0,0.0,0.0,1.0,0.0,1.0,0.0,0.0,0.44701740545710394,0.38536922846687693,0.16761336607601915,0.0,0.0,1.0,1.0,0.0,0.0,1.0,0.0,0.0,0.5832936357787257,0.3271084832274679,0.0895978809938064,0.0,0.0,1.0
0.02986384081999264,0.4228866576196977,0.5472495015603099,0.0,1.0,0.0,1.0,0.0,0.0,0.15281720877402763,0.27520757296791726,0.5719752182580553,1.0,0.0,0.0,0.0,0.0,1.0,1.0,0.0,0.0,0.5828067456196986,0.25365289673395724,0.16354035764634436,0.0,0.0,1.0,0.0,1.0,0.0,1.0,0.0,0.0,0.0,0.0,1.0,0.0,1.0,0.0,0.6266543629056448,0.35415016874543975,0.019195468348915605,0.0,0.0,1.0
0.06513993192124416,0.22081079302643056,0.7140492750523253,1.0,0.0,0.0,0.0,0.0,1.0,0.0,1.0,0.0,0.0,1.0,0.0,0.0,1.0,0.0,0.0,0.0,1.0,0.0,1.0,0.0,1.0,0.0,0.0,0.0,1.0,0.0,1.0,0.0,0.0,1.0,0.0,0.0,0.0,1.0,0.0,0.5507752416484906,0.42481470744365585,0.024410050907853646,0.15451590138513946,0.5226689479852447,0.32281515062961597
0.053975259764450965,0.3245032196427604,0.621521520592789,0.0,0.0,1.0,1.0,0.0,0.0,0.3047895546136824,0.3973462791658024,0.29786416622051526,0.0,1.0,0.0,0.0,1.0,0.0,0.0,0.0,1.0,0.23435316755663982,0.6107766976445622,0.15487013479879821,1.0,0.0,0.0,0.0,1.0,0.0,0.0,1.0,0.0,1.0,0.0,0.0,1.0,0.0,0.0,1.0,0.0,0.0,0.0,0.0,1.0
0.0,1.0,0.0,0.5916142222365363,0.3605886495221128,0.04779712824135106,0.8478500528596703,0.09845684782995834,0.053693099310371466,0.0,1.0,0.0,0.1278386988263809,0.7835896410458293,0.08857166012778986,0.0,0.0,1.0,0.17925169806813326,0.1817008817554245,0.6390474201764422,1.0,0.0,0.0,1.0,0.0,0.0,0.5571595322666829,0.2947270345486235,0.14811343318469378,0.0,1.0,0.0,0.0,1.0,0.0,0.0,0.0,1.0,0.0,1.0,0.0,0.16251226354592105,0.5594203144249156,0.2780674220291634
0.09428877992138,0.2275851814918262,0.6781260385867939,0.0,1.0,0.0,1.0,0.0,0.0,1.0,0.0,0.0,0.0,0.0,1.0,0.0,1.0,0.0,0.0,0.0,1.0,0.20897951235837656,0.5580044708261999,0.2330160168154237,0.0,1.0,0.0,0.0,1.0,0.0,0.0,1.0,0.0,0.0,1.0,0.0,0.0,0.0,1.0,1.0,0.0,0.0,0.0,0.0,1.0
0.0,1.0,0.0,0.0,1.0,0.0,1.0,0.0,0.0,0.0,1.0,0.0,0.0,1.0,0.0,0.0,0.0,1.0,0.0,0.0,1.0,1.0,0.0,0.0,0.0,1.0,0.0,0.0,1.0,0.0,1.0,0.0,0.0,1.0,0.0,0.0,1.0,0.0,0.0,0.6042052535122274,0.3447205975844071,0.051074148903365674,0.09846029901421807,0.49323147488128277,0.40830822610449957
0.08937492507118094,0.26416854380816485,0.646456531120654,0.0,1.0,0.0,1.0,0.0,0.0,0.0,1.0,0.0,0.0,1.0,0.0,0.0,0.0,1.0,0.0,0.0,1.0,0.5717850543373993,0.341100119334068,0.08711482632853237,1.0,0.0,0.0,0.4203677352946422,0.41023691204145807,0.16939535266389943,0.0,1.0,0.0,1.0,0.0,0.0,0.0,1.0,0.0,0.0,1.0,0.0,0.0,1.0,0.0
0.0,0.0,1.0,0.5121389539420899,0.4742961469837948,0.013564899074115353,0.9151287724819798,0.030155048678130035,0.05471617883989018,0.0,1.0,0.0,0.1816408415964663,0.7205135618419073,0.0978455965616263,0.0,0.0,1.0,0.05633214818128168,0.32227270358569937,0.6213951482330189,1.0,0.0,0.0,0.0,1.0,0.0,0.48413906284165,0.38415468750059667,0.13170624965775324,1.0,0.0,0.0,0.0,1.0,0.0,0.0,1.0,0.0,0.5750152616888305,0.4077299835369987,0.017254754774170843,0.1296663105297371,0.5281598917014507,0.3421737977688122
0.0,0.0,1.0,1.0,0.0,0.0,1.0,0.0,0.0,0.0,1.0,0.0,0.0,1.0,0.0,1.0,0.0,0.0,0.0,0.0,1.0,0.43374691386820335,0.4168670367211083,0.14938604941068848,1.0,0.0,0.0,0.46165657697533824,0.3846226917364331,0.15372073128822872,1.0,0.0,0.0,0.0,1.0,0.0,0.0,0.0,1.0,0.596574628695441,0.37416809755195185,0.02925727375260726,1.0,0.0,0.0
0.0,0.0,1.0,1.0,0.0,0.0,1.0,0.0,0.0,1.0,0.0,0.0,0.20192864512003977,0.6841902487551723,0.11388110612478786,0.0,1.0,0.0,0.0,1.0,0.0,0.0,1.0,0.0,0.6021976455563204,0.3485988330970793,0.049203521346600276,0.4414533801384849,0.42753158853287576,0.13101503132863923,1.0,0.0,0.0,0.3753529408910131,0.4837524339646759,0.14089462514431092,0.19593750118883366,0.7030099185771599,0.1010525802340063,0.0,1.0,0.0,1.0,0.0,0.0
0.0,0.0,1.0,0.0,0.0,1.0,1.0,0.0,0.0,1.0,0.0,0.0,1.0,0.0,0.0,1.0,0.0,0.0,1.0,0.0,0.0,0.0,0.0,1.0,1.0,0.0,0.0,1.0,0.0,0.0,1.0,0.0,0.0,1.0,0.0,0.0,0.0,1.0,0.0,0.5379109251911368,0.40557075431974654,0.05651832048911662,0.18057962023190652,0.5597952442475476,0.2596251355205459
0.06401103767066076,0.30017858190034175,0.6358103804289976,1.0,0.0,0.0,1.0,0.0,0.0,0.19033541784790237,0.5898725169144516,0.21979206523764624,1.0,0.0,0.0,1.0,0.0,0.0,0.0,0.0,1.0,0.36532944045867005,0.3675487514613578,0.26712180807997227,1.0,0.0,0.0,0.5287250051669877,0.32268885394939856,0.14858614088361383,0.0,1.0,0.0,1.0,0.0,0.0,0.0,1.0,0.0,0.0,1.0,0.0,1.0,0.0,0.0
0.0,0.0,1.0,0.472294881279091,0.5063612880618488,0.021343830659060436,1.0,0.0,0.0,0.0,0.0,1.0,0.0,1.0,0.0,0.0,0.0,1.0,0.06252341300837844,0.28311265280407366,0.654363934187548,0.466760277516259,0.3581169065039521,0.17512281597978904,0.0,1.0,0.0,0.3850064273973554,0.4816982417920282,0.13329533081061662,0.0,0.0,1.0,0.0,0.0,1.0,1.0,0.0,0.0,0.0,0.0,1.0,0.07895680173482239,0.5808358476072,0.3402073506579778
0.0,0.0,1.0,0.0,1.0,0.0,1.0,0.0,0.0,0.0,0.0,1.0,0.0,1.0,0.0,0.0,1.0,0.0,1.0,0.0,0.0,0.0,1.0,0.0,1.0,0.0,0.0,0.0,1.0,0.0,0.0,0.0,1.0,1.0,0.0,0.0,0.0,1.0,0.0,0.599666657600872,0.3815522786675575,0.01878106373157039,0.0,1.0,0.0
0.0,0.0,1.0,0.5364076334055298,0.44956087591818666,0.0140314906762837,0.9094407612554505,0.034423049556303466,0.056136189188246,0.0,1.0,0.0,0.2388549055834392,0.7309405460711311,0.0302045483454298,0.0,1.0,0.0,0.023260261116271167,0.2672168446041151,0.7095228942796139,0.0,1.0,0.0,1.0,0.0,0.0,0.3531796964296346,0.418887755841562,0.22793254772880336,0.0,1.0,0.0,0.0,1.0,0.0,0.0,1.0,0.0,0.6249369953717493,0.3512477322460183,0.02381527238223259,0.12149062711007862,0.6498540571221827,0.22865531576773884
0.029218051805196828,0.32170729501144485,0.6490746531833581,0.0,1.0,0.0,1.0,0.0,0.0,1.0,0.0,0.0,0.0,0.0,1.0,0.0,1.0,0.0,0.0,0.0,1.0,0.24547342827844074,0.6647729121871842,0.08975365953437507,1.0,0.0,0.0,0.0,0.0,1.0,1.0,0.0,0.0,0.0,1.0,0.0,1.0,0.0,0.0,0.0,0.0,1.0,0.0,1.0,0.0
0.02507450958806344,0.24446744148809532,0.7304580489238411,0.0,1.0,0.0,1.0,0.0,0.0,0.2254855631012322,0.37861525332387,0.39589918357489756,1.0,0.0,0.0,0.0,1.0,0.0,0.0,0.0,1.0,0.30410488085235626,0.5857386301810319,0.11015648896661184,0.0,1.0,0.0,0.4151071797652303,0.41493574625204466,0.1699570739827249,0.0,1.0,0.0,0.0,1.0,0.0,0.0,1.0,0.0,0.49607762823661666,0.47696734341412966,0.02695502834925351,1.0,0.0,0.0
0.0,0.0,1.0,0.5469693887689878,0.43975996910039555,0.013270642130616711,1.0,0.0,0.0,0.0,0.0,1.0,0.0,1.0,0.0,0.0,0.0,1.0,0.0,0.0,1.0,1.0,0.0,0.0,0.0,1.0,0.0,1.0,0.0,0.0,0.0,1.0,0.0,0.0,1.0,0.0,0.0,0.0,1.0,0.5523545587916386,0.3763169886101778,0.07132845259818346,0.12416290880452718,0.591587738532931,0.28424935266254187
0.0,0.0,1.0,1.0,0.0,0.0,1.0,0.0,0.0,0.0,1.0,0.0,0.0,1.0,0.0,0.0,0.0,1.0,0.0,0.0,1.0,1.0,0.0,0.0,1.0,0.0,0.0,1.0,0.0,0.0,0.0,1.0,0.0,0.0,1.0,0.0,0.0,1.0,0.0,1.0,0.0,0.0,0.0,0.0,1.0
0.06286091436429761,0.3116794832008229,0.6254596024348795,1.0,0.0,0.0,1.0,0.0,0.0,1.0,0.0,0.0,0.0,0.0,1.0,0.0,0.0,1.0,0.0,0.0,1.0,0.5107334763524148,0.3804306011862123,0.1088359224613729,1.0,0.0,0.0,0.33968112769545433,0.4859223601758993,0.17439651212864646,0.0,0.0,1.0,1.0,0.0,0.0,0.0,1.0,0.0,0.0,1.0,0.0,1.0,0.0,0.0
0.0,0.0,1.0,1.0,0.0,0.0,1.0,0.0,0.0,1.0,0.0,0.0,1.0,0.0,0.0,1.0,0.0,0.0,0.0,0.0,1.0,0.0,1.0,0.0,1.0,0.0,0.0,1.0,0.0,0.0,0.0,1.0,0.0,0.0,1.0,0.0,1.0,0.0,0.0,0.5279084256708071,0.4179198322294138,0.05417174209977904,0.0,1.0,0.0
0.0,0.0,1.0,1.0,0.0,0.0,1.0,0.0,0.0,0.0,1.0,0.0,1.0,0.0,0.0,0.0,1.0,0.0,0.0,0.0,1.0,0.0,1.0,0.0,1.0,0.0,0.0,0.0,1.0,0.0,0.0,1.0,0.0,0.0,1.0,0.0,0.0,1.0,0.0,0.5432794270491582,0.42592016184351894,0.03080041110732286,0.24531415633449485,0.5608661647860678,0.1938196788794374
0.0,0.0,1.0,1.0,0.0,0.0,1.0,0.0,0.0,0.0,1.0,0.0,0.0,1.0,0.0,1.0,0.0,0.0,0.0,0.0,1.0,0.0,0.0,1.0,0.0,1.0,0.0,0.0,1.0,0.0,0.0,1.0,0.0,1.0,0.0,0.0,0.0,1.0,0.0,1.0,0.0,0.0,0.128677561744199,0.5611196183163997,0.3102028199394016
0.0,0.0,1.0,1.0,0.0,0.0,1.0,0.0,0.0,0.0,0.0,1.0,1.0,0.0,0.0,0.0,0.0,1.0,0.0,0.0,1.0,1.0,0.0,0.0,0.0,1.0,0.0,0.0,0.0,1.0,0.0,1.0,0.0,0.0,1.0,0.0,0.0,1.0,0.0,0.0,1.0,0.0,1.0,0.0,0.0
0.09685612834843331,0.34967136858655506,0.5534725030650116,1.0,0.0,0.0,1.0,0.0,0.0,0.0,1.0,0.0,0.0,0.0,1.0,0.0,0.0,1.0,0.0,0.0,1.0,0.5617943079586676,0.30240637549031224,0.1357993165510201,0.0,0.0,1.0,0.0,1.0,0.0,0.0,1.0,0.0,1.0,0.0,0.0,0.0,1.0,0.0,0.6354280492504597,0.34144298095996456,0.023128969789575668,0.0,0.0,1.0
0.12804893186360555,0.3007499328414286,0.571201135294966,1.0,0.0,0.0,0.0,0.0,1.0,1.0,0.0,0.0,0.0,1.0,0.0,0.0,0.0,1.0,0.057106999361641486,0.22440664236837027,0.7184863582699885,0.4274661318926026,0.4401885366725658,0.13234533143483176,1.0,0.0,0.0,0.0,1.0,0.0,0.0,1.0,0.0,1.0,0.0,0.0,1.0,0.0,0.0,1.0,0.0,0.0,0.16793657968988024,0.5685943241261814,0.26346909618393854
0.0,0.0,1.0,0.0,1.0,0.0,1.0,0.0,0.0,0.0,0.0,1.0,1.0,0.0,0.0,0.0,1.0,0.0,0.0,1.0,0.0,0.0,0.0,1.0,0.0,0.0,1.0,0.0,1.0,0.0,1.0,0.0,0.0,0.0,1.0,0.0,0.0,0.0,1.0,0.6256796322342972,0.3200613567485563,0.05425901101714652,0.0,0.0,1.0
0.0,0.0,1.0,0.0,1.0,0.0,0.0,1.0,0.0,0.0,1.0,0.0,1.0,0.0,0.0,1.0,0.0,0.0,0.0,0.0,1.0,0.0,0.0,1.0,0.0,1.0,0.0,1.0,0.0,0.0,0.0,1.0,0.0,0.0,1.0,0.0,0.0,0.0,1.0,0.5902877961322822,0.3765695747766097,0.033142629091108065,0.0,1.0,0.0
0.0,0.0,1.0,1.0,0.0,0.0,1.0,0.0,0.0,0.0,1.0,0.0,0.0,1.0,0.0,0.0,0.0,1.0,0.0,0.0,1.0,1.0,0.0,0.0,0.0,0.0,1.0,1.0,0.0,0.0,0.0,1.0,0.0,1.0,0.0,0.0,1.0,0.0,0.0,1.0,0.0,0.0,0.1386611269323255,0.5481393209998278,0.31319955206784666
0.067258236671874,0.29770573338156164,0.6350360299465638,1.0,0.0,0.0,0.0,1.0,0.0,0.0,1.0,0.0,0.0,1.0,0.0,0.0,0.0,1.0,0.0,0.0,1.0,0.5443070980367204,0.392549979197637,0.06314292276564222,1.0,0.0,0.0,0.34550476349328907,0.4022961947200716,0.252199041786639,0.0,1.0,0.0,0.0,0.0,1.0,0.0,1.0,0.0,0.0,1.0,0.0,0.0,0.0,1.0
0.0,0.0,1.0,1.0,0.0,0.0,1.0,0.0,0.0,0.0,1.0,0.0,0.26317469534534893,0.6070373436194512,0.1297879610351998,0.0,1.0,0.0,0.0,0.0,1.0,0.0,1.0,0.0,0.4317205530909419,0.4973832806457644,0.07089616626329348,0.0,1.0,0.0,0.0,1.0,0.0,1.0,0.0,0.0,0.0,1.0,0.0,0.5372478025734652,0.4363948550460324,0.02635734238050232,1.0,0.0,0.0
0.0,0.0,1.0,1.0,0.0,0.0,0.0,0.0,1.0,0.0,0.0,1.0,0.0,1.0,0.0,0.0,0.0,1.0,0.0,1.0,0.0,1.0,0.0,0.0,1.0,0.0,0.0,1.0,0.0,0.0,1.0,0.0,0.0,1.0,0.0,0.0,0.0,1.0,0.0,0.4977180457811294,0.453439605014897,0.04884234920397373,0.13779664467851285,0.5218715722135154,0.3403317831079718
0.0,0.0,1.0,0.0,1.0,0.0,1.0,0.0,0.0,0.0,1.0,0.0,0.0,1.0,0.0,1.0,0.0,0.0,0.0,0.0,1.0,0.0,0.0,1.0,1.0,0.0,0.0,1.0,0.0,0.0,0.0,1.0,0.0,1.0,0.0,0.0,1.0,0.0,0.0,0.5969859234104996,0.3082868069218197,0.09472726966768054,0.128383352982732,0.5848466375260125,0.28677000949125525
0.07102174821073506,0.2336770770979539,0.695301174691311,0.0,1.0,0.0,1.0,0.0,0.0,1.0,0.0,0.0,1.0,0.0,0.0,0.0,1.0,0.0,0.0,0.0,1.0,0.23970032620657644,0.5357890356131216,0.22451063818030192,0.0,1.0,0.0,0.0,1.0,0.0,0.0,1.0,0.0,1.0,0.0,0.0,0.0,1.0,0.0,1.0,0.0,0.0,0.0,1.0,0.0
0.0,0.0,1.0,0.0,1.0,0.0,1.0,0.0,0.0,0.2153227676958338,0.4343454596646391,0.350331772639527,1.0,0.0,0.0,0.0,1.0,0.0,0.0,0.0,1.0,0.0,1.0,0.0,0.0,1.0,0.0,0.0,0.0,1.0,0.0,1.0,0.0,0.0,1.0,0.0,0.0,1.0,0.0,0.6421128512647508,0.3309383203734361,0.02694882836181297,0.13622621385338132,0.52678097394024,0.3369928122063785
0.0,0.0,1.0,1.0,0.0,0.0,0.0,0.0,1.0,1.0,0.0,0.0,1.0,0.0,0.0,0.0,1.0,0.0,0.0,0.0,1.0,0.0,1.0,0.0,1.0,0.0,0.0,0.0,1.0,0.0,1.0,0.0,0.0,1.0,0.0,0.0,0.0,0.0,1.0,0.5638694577428658,0.38717916378568484,0.04895137847144951,0.21417578005793958,0.4869655782425988,0.29885864169946197
0.060284733359250914,0.33961694580368845,0.6000983208370608,1.0,0.0,0.0,1.0,0.0,0.0,0.18294007189232533,0.4901294582324813,0.3269304698751935,0.0,1.0,0.0,0.0515209456403342,0.43112198300757243,0.5173570713520935,0.0,1.0,0.0,0.4956925389806005,0.44844453549085767,0.05586292552854186,0.0,0.0,1.0,0.0,0.0,1.0,0.0,1.0,0.0,0.0,0.0,1.0,0.0,1.0,0.0,0.0,1.0,0.0,0.0,1.0,0.0
0.06737640286066904,0.2463315963288536,0.6862920008104774,1.0,0.0,0.0,1.0,0.0,0.0,0.2915916510930847,0.3821204574714571,0.3262878914354581,1.0,0.0,0.0,0.0,0.0,1.0,0.0,0.0,1.0,0.5206414272561276,0.41646423672419164,0.06289433601968068,1.0,0.0,0.0,1.0,0.0,0.0,0.0,0.0,1.0,0.0,1.0,0.0,0.0,1.0,0.0,1.0,0.0,0.0,0.0,1.0,0.0
0.0,0.0,1.0,1.0,0.0,0.0,1.0,0.0,0.0,0.14139240818239973,0.5136964211099606,0.3449111707076393,1.0,0.0,0.0,0.0,0.0,1.0,0.0,0.0,1.0,1.0,0.0,0.0,1.0,0.0,0.0,0.0,0.0,1.0,0.0,1.0,0.0,1.0,0.0,0.0,0.0,1.0,0.0,0.4351586946575521,0.5410855710826952,0.023755734259752602,1.0,0.0,0.0
0.0,0.0,1.0,0.5855874429979974,0.400844099389289,0.01356845761271349,0.9467406336697227,0.033287103956423286,0.01997226237385397,0.0,1.0,0.0,0.24490562344766065,0.6407510694948126,0.11434330705752661,0.0,1.0,0.0,0.08994750870901182,0.18310333742557286,0.7269491538654153,0.0,1.0,0.0,0.0,1.0,0.0,0.407864456082321,0.47999987410592443,0.11213566981175449,0.0,0.0,1.0,0.0,1.0,0.0,0.0,1.0,0.0,0.5173368190318599,0.42103402283329205,0.06162915813484788,0.15770124267700247,0.5962962065859342,0.24600255073706329
0.05544255764609676,0.3879486815046412,0.5566087608492623,1.0,0.0,0.0,1.0,0.0,0.0,0.0,1.0,0.0,0.0,1.0,0.0,1.0,0.0,0.0,0.0,0.0,1.0,1.0,0.0,0.0,1.0,0.0,0.0,1.0,0.0,0.0,0.0,1.0,0.0,0.0,1.0,0.0,1.0,0.0,0.0,0.5156155933381383,0.4280526940766479,0.05633171258521394,0.0,1.0,0.0
0.03438885316561655,0.2766611904138753,0.688949956420508,0.0,1.0,0.0,1.0,0.0,0.0,0.26177530441608143,0.384201484073296,0.3540232115106226,0.0,1.0,0.0,0.0,1.0,0.0,0.10686846543640305,0.2335225161404403,0.6596090184231566,0.3857451234357699,0.5231283216164299,0.09112655494780036,1.0,0.0,0.0,0.476316501764063,0.363110284189676,0.16057321404626107,1.0,0.0,0.0,0.0,1.0,0.0,0.0,0.0,1.0,0.0,1.0,0.0,0.0,1.0,0.0
0.0,0.0,1.0,0.465347078572075,0.48747851361409594,0.04717440781382914,0.8947975202633291,0.09042088556633007,0.014781594170340709,1.0,0.0,0.0,0.0,0.0,1.0,1.0,0.0,0.0,0.06232498515772105,0.1291790730190024,0.8084959418232766,0.0,0.0,1.0,0.0,1.0,0.0,0.40276806327937875,0.49201042237145415,0.10522151434916716,0.3600098047388459,0.5273486150081096,0.11264158025304455,0.0,0.0,1.0,0.0,0.0,1.0,0.6101467270419713,0.3348638573279684,0.05498941563006043,0.13100994476718256,0.6126947580415987,0.25629529719121885
0.02462200658346609,0.340890181504,0.6344878119125338,0.0,1.0,0.0,1.0,0.0,0.0,0.0,0.0,1.0,0.0,0.0,1.0,0.0,0.0,1.0,1.0,0.0,0.0,0.4639877819677475,0.43318510724555376,0.10282711078669862,1.0,0.0,0.0,0.0,1.0,0.0,0.0,1.0,0.0,0.0,1.0,0.0,1.0,0.0,0.0,0.4601276634455736,0.4275367680343222,0.1123355685201041,0.0,1.0,0.0
0.08703775747284817,0.18928161076560923,0.7236806317615427,0.0,1.0,0.0,1.0,0.0,0.0,0.0,0.0,1.0,1.0,0.0,0.0,1.0,0.0,0.0,0.0,0.0,1.0,0.0,0.0,1.0,0.0,0.0,1.0,1.0,0.0,0.0,0.0,1.0,0.0,0.0,1.0,0.0,0.0,1.0,0.0,0.5107527146774059,0.4643960094001819,0.024851275922412396,0.0,0.0,1.0
0.09486369860525612,0.3446210713095278,0.5605152300852162,0.0,1.0,0.0,0.0,1.0,0.0,0.0,0.0,1.0,0.0,0.0,1.0,0.0,1.0,0.0,0.0,0.0,1.0,0.2778358769845168,0.5524450605121104,0.16971906250337296,0.0,1.0,0.0,1.0,0.0,0.0,1.0,0.0,0.0,1.0,0.0,0.0,1.0,0.0,0.0,0.5220890834183226,0.3932462075184184,0.08466470906325901,0.0,1.0,0.0
0.0,1.0,0.0,1.0,0.0,0.0,1.0,0.0,0.0,0.0,1.0,0.0,0.17849939732078995,0.759076249907817,0.06242435277139309,0.0,0.0,1.0,0.059469824904943305,0.12933887765832122,0.8111912974367353,1.0,0.0,0.0,1.0,0.0,0.0,0.4887669423683747,0.30363298489522517,0.2076000727364002,0.22210422919226455,0.5944102702766897,0.1834855005310458,0.0,1.0,0.0,1.0,0.0,0.0,0.5801258096238298,0.3623301263091438,0.05754406406702647,1.0,0.0,0.0
0.0,0.0,1.0,0.5534227274469229,0.39726130329818243,0.04931596925489444,0.8833356719705969,0.10003975594156722,0.01662457208783565,0.0,1.0,0.0,0.2937256991641327,0.578343859389064,0.12793044144680302,0.0,1.0,0.0,0.0,0.0,1.0,0.0,1.0,0.0,0.0,1.0,0.0,0.3052711546908546,0.5714917257127002,0.12323711959644504,0.0,1.0,0.0,0.0,1.0,0.0,1.0,0.0,0.0,1.0,0.0,0.0,0.15755734985003086,0.6319561854192446,0.2104864647307243
